{
	"class_name": "PinholeCameraParameters",
	"extrinsic": [
		1.000000,
		0.000000,
		0.000000,
		-5.719000,
		0.000000,
		0.984808,
		0.173648,
		-1.232874,
		0.000000,
		0.173648,
		-0.984808,
		-3.206805,
		0.000000,
		0.000000,
		0.000000,
		1.000000
	],
	"intrinsic": {
		"height": 480,
		"intrinsic_matrix": [
			304.085900,
			0,
			320.000000,
			0,
			312.774100,
			240.000000,
			0,
			0,
			1
		],
		"width": 640
	},
	"version_major": 1,
	"version_minor": 0
}
