{
	"class_name": "PinholeCameraParameters",
	"extrinsic": [
		1.000000,
		0.000000,
		0.000000,
		-5.719000,
		0.000000,
		0.984808,
		0.173648,
		-1.232874,
		0.000000,
		0.173648,
		-0.984808,
		-3.206805,
		0.000000,
		0.000000,
		0.000000,
		1.000000
	],
	"intrinsic": {
		"height": 680,
		"intrinsic_matrix": [
			570.1611,
			0,
			600.000000,
			0,
			443.0966,
			340.000000,
			0,
			0,
			1
		],
		"width": 1200
	},
	"version_major": 1,
	"version_minor": 0
}
