{"alarm clock": [0.8896946296028819, 0.6539138915908868, 0.8689068810340567], "armchair": [0.08265912912976292, 0.5531730843763516, 0.1630174995393484], "backpack": [0.042736090180950925, 0.3967598121079613, 0.9863696185384268], "bag": [0.2808778541842216, 0.8499169595708936, 0.22478496421288474], "ball": [0.43962219318571794, 0.28341558561273017, 0.9817032166699861], "bar": [0.9610817301976222, 0.23175331289677903, 0.019966463899569242], "basket": [0.8504766343562152, 0.09553822861317351, 0.4935298447317915], "bathroom cabinet": [0.44380950608555714, 0.36143101797141275, 0.5217124208849201], "bathroom counter": [0.3223757685092521, 0.050313017418259554, 0.8207120281790605], "bathroom stall": [0.2188491424325527, 0.8205047290399688, 0.5573263501574206], "bathroom stall door": [0.9986915605345489, 0.006294799648550176, 0.5196811961606472], "bathroom vanity": [0.12471967679573315, 0.30462203170573654, 0.3420530183929664], "bathtub": [0.5610387130901717, 0.16660123624678447, 0.7054836618755186], "bed": [0.7246270504333259, 0.7964011102669188, 0.646196651171557], "bench": [0.8976047468355519, 0.66776063866881, 0.8707519205896725], "bicycle": [0.6217569230956799, 0.9724937427229047, 0.9529339106417155], "bin": [0.4402570097877224, 0.9783796593704122, 0.42952082125658764], "blackboard": [0.16220472546653386, 0.7852010856452711, 0.03913117027737012], "blanket": [0.9520764374195496, 0.6448194174454913, 0.24555504120885663], "blinds": [0.4159816304187808, 0.2746612360413194, 0.1292583226650017], "board": [0.42408475519135447, 0.7282335734031745, 0.18462031588649674], "book": [0.837680706810319, 0.13757059047543863, 0.5327848904001135], "bookshelf": [0.5586975430096289, 0.8318597050201422, 0.9363492403903537], "bottle": [0.6294236287556936, 0.8746027365515832, 0.6646597967920789], "bowl": [0.37206934470854813, 0.3338611897612217, 0.866524408683426], "box": [0.37847791789984886, 0.4879244603505013, 0.4801430998554437], "broom": [0.34317153701088854, 0.12211019477892116, 0.4384186508008613], "bucket": [0.9745370491414307, 0.23865040619905253, 0.8493691872298069], "bulletin board": [0.3443211354639364, 0.8759299996397764, 0.9562858005350247], "cabinet": [0.7462674456786151, 0.9755669263064599, 0.9322982555213631], "calendar": [0.19310770987644765, 0.9089881234919801, 0.30599600176470354], "candle": [0.889179553463156, 0.13766273969093246, 0.8818614451647023], "cart": [0.35141168535092504, 0.9449146356483371, 0.7581634308696595], "case of water bottles": [0.4430996639745711, 0.11008114962005955, 0.17011395410655095], "cd case": [0.79656249307214, 0.3289656160031733, 0.2832433394758693], "ceiling light": [0.09183403801934997, 0.3150571789515544, 0.3021039813030072], "chair": [0.4875745240200865, 0.3217119713254988, 0.44890176760206557], "clock": [0.1947774375654866, 0.8262232398204263, 0.9451660423593682], "closet": [0.6520226478886354, 0.8683737648032858, 0.8679580367557116], "closet door": [0.030714777908528834, 0.3899620880210197, 0.0741311601475676], "closet rod": [0.2585583557629154, 0.6627669405729603, 0.8072651768910475], "closet wall": [0.943955759314983, 0.23579884820002817, 0.6447875746445682], "clothes": [0.4997547184147554, 0.9558004090839495, 0.5288415589692916], "clothes dryer": [0.39691665731366244, 0.37402776043658925, 0.3287916675105872], "coat rack": [0.34008289842143613, 0.18783373826782312, 0.7869348347965742], "coffee kettle": [0.7052329175937494, 0.3112465863939563, 0.10676010881222475], "coffee maker": [0.1331900046541371, 0.01973643864735808, 0.7634096134055723], "coffee table": [0.11656807703298266, 0.7105424213944694, 0.2566887109803969], "column": [0.8761816031050175, 0.5367303067511656, 0.7724096236040023], "computer tower": [0.6636384111304187, 0.14024154867315886, 0.7475836978557422], "container": [0.5110318783566982, 0.4113711311612994, 0.6036758510522018], "copier": [0.8648664114734167, 0.7014944485511228, 0.8796902744499722], "couch": [0.8222375431629553, 0.41533148861761227, 0.5422005941956186], "counter": [0.5459090600199572, 0.6900158467998931, 0.5077035084992403], "crate": [0.4894792456394107, 0.1112021615073241, 0.6291871872728685], "cup": [0.9718570745295889, 0.6573730143559288, 0.3417222944637328], "curtain": [0.3061798387215643, 0.057287026185740775, 0.01938148277163776], "cushion": [0.8974853401998667, 0.39379728528114377, 0.30221485392894976], "decoration": [0.17254701744753198, 0.4170151678820262, 0.8361399956858263], "desk": [0.026884691673904282, 0.7977014037961426, 0.4875486455767042], "dining table": [0.3206073171213436, 0.1683067863034713, 0.3705825397132828], "dish rack": [0.4270724277625396, 0.6021560975589133, 0.791852899566742], "dishwasher": [0.673783559153148, 0.8706061004083434, 0.9315534404832875], "divider": [0.9961095961503513, 0.670854619084653, 0.08948899678095479], "door": [0.5461066008913337, 0.9952324428380597, 0.9178664138819019], "doorframe": [0.3353904170948768, 0.19466093930090544, 0.414196202088543], "dresser": [0.6036117350624505, 0.44658195023165725, 0.24846908742298002], "dumbbell": [0.6605203009374018, 0.7401294601560636, 0.9685745306355898], "dustpan": [0.10330504116176531, 0.9026896410069402, 0.8647582180904168], "end table": [0.7342750670124081, 0.026093451433032433, 0.9103249641970075], "fan": [0.01770747402427464, 0.3253802212732503, 0.9038347434564118], "file cabinet": [0.6954020257819864, 0.03146119834012784, 0.43765426756348824], "fire alarm": [0.5684426752876309, 0.7007977392809003, 0.6767172051707332], "fire extinguisher": [0.44729899535522866, 0.7943611250647932, 0.2613910890508353], "fireplace": [0.5004321594405151, 0.6074632299858603, 0.004249122413556461], "folded chair": [0.7128562684280668, 0.7408537823903253, 0.8671554702436091], "guitar": [0.08110496641959841, 0.9137569717009366, 0.27605625934279987], "guitar case": [0.12458319103858606, 0.3357104179495979, 0.20220541318488627], "hair dryer": [0.05146612439032483, 0.5618014408006438, 0.43118245422377854], "handicap bar": [0.4808881390716373, 0.4812914817620114, 0.4262655220488666], "hat": [0.13942481781287008, 0.21933795296933034, 0.22848686001831264], "headphones": [0.5773697407799008, 0.1223460300235043, 0.07553820327488947], "ironing board": [0.2500292783019119, 0.3161707135006596, 0.07191130498469256], "jacket": [0.5335693666914595, 0.3115887983453257, 0.08832123632357536], "keyboard": [0.008531092891274517, 0.6483855841478883, 0.3593011028529811], "keyboard piano": [0.50657061280074, 0.976296835187801, 0.5930734392198677], "kitchen cabinet": [0.9368937036855698, 0.30986014671915196, 0.33182205182061697], "kitchen counter": [0.24155099942473846, 0.08942631303565995, 0.6192467906754746], "ladder": [0.5560391026095252, 0.920767983437017, 0.7662505588966304], "lamp": [0.718346581811239, 0.9720622939260847, 0.4596573712855323], "laptop": [0.9562802957856471, 0.8766762762178067, 0.4372388128938062], "laundry basket": [0.06221282321701327, 0.4744576541017078, 0.9934750035885687], "laundry detergent": [0.2271211607802882, 0.07945244804556206, 0.9231145710365556], "laundry hamper": [0.9554334105787079, 0.12088869443005912, 0.9897900490915199], "ledge": [0.34689540497235816, 0.25138137268539684, 0.9867045346710884], "light": [0.993701282918533, 0.5284980924762691, 0.7126741882073696], "light switch": [0.25550472512101985, 0.11716224410763165, 0.41497180538971123], "luggage": [0.6119726935105371, 0.47340361927964714, 0.07542532073720998], "machine": [0.6604325206406088, 0.567393017005368, 0.5501574154478833], "mailbox": [0.022277523304879532, 0.7152919552147791, 0.41767580098657764], "mat": [0.8903336047033024, 0.9500285362178043, 0.09405070192827625], "mattress": [0.7105224835993312, 0.4737939089850375, 0.4793348189219323], "microwave": [0.11501386328584196, 0.12252214611584289, 0.9762175498579674], "mini fridge": [0.030660383295668336, 0.9373545787306118, 0.546520330424188], "mirror": [0.14605087375434234, 0.5928453001802984, 0.261742422372905], "monitor": [0.8373795188677952, 0.19663295763736421, 0.29033555375299114],