{
  "alarm clock": [0.8588642238619227, 0.696465134575556, 0.878466811090804],
  "armchair": [0.4202957971445007, 0.27884631053695186, 0.8201755444852477],
  "backpack": [0.3389600765755427, 0.7995735751041864, 0.6428939255645811],
  "bag": [0.7835904041214862, 0.8190651265001496, 0.11816405743109326],
  "ball": [0.164141174319543, 0.47084436163753096, 0.620244090891241],
  "bar": [0.5113947101272343, 0.4525929561351484, 0.3212663015817242],
  "basket": [0.6742154534115663, 0.9878245896363801, 0.027206680632987812],
  "bathroom cabinet": [
    0.7019025208885747, 0.11427350826872862, 0.12258326733474667
  ],
  "bathroom counter": [
    0.7545429142100074, 0.28852063168322106, 0.27807589029585944
  ],
  "bathroom stall": [
    0.07960587837249533, 0.8799715068404789, 0.5887454904314249
  ],
  "bathroom stall door": [
    0.19274580783992756, 0.8481141445113765, 0.6912531462556109
  ],
  "bathroom vanity": [
    0.6765569765908976, 0.4937844311964049, 0.10870849927795734
  ],
  "bathtub": [0.4420455485080408, 0.526381371091712, 0.7411172244357005],
  "bed": [0.6690188128091822, 0.1538571398355305, 0.04795629724389672],
  "bench": [0.6092476161665576, 0.9642521070997434, 0.4427944994952373],
  "bicycle": [0.5322675644165457, 0.16859110928250853, 0.8629626512346158],
  "bin": [0.06465980255472525, 0.3167807574894419, 0.46366609080393506],
  "blackboard": [0.27216686389610434, 0.9272988271824848, 0.6600337781520663],
  "blanket": [0.860443492660861, 0.1421129087635551, 0.02477715032915384],
  "blinds": [0.848797151878784, 0.6229055517593939, 0.35884055217581545],
  "board": [0.2557864256854707, 0.7511247830743634, 0.9194523988167339],
  "book": [0.9058742408600469, 0.6586269137539309, 0.38698729603204574],
  "bookshelf": [0.37143536758940454, 0.27328860310306424, 0.21678331105078974],
  "bottle": [0.604066341966295, 0.3095804713372957, 0.6722372159833607],
  "bowl": [0.49215759139750237, 0.9126170513348988, 0.5584874264873299],
  "box": [0.8934068817412847, 0.6135531802536237, 0.16111343446077975],
  "broom": [0.03736868206824007, 0.6410013999600301, 0.3611075724590339],
  "bucket": [0.739395903818762, 0.35846768829258957, 0.04600136543492006],
  "bulletin board": [
    0.4487378598616396, 0.4225987446533761, 0.36103513147653266
  ],
  "cabinet": [0.4453803979570239, 0.6013565543511307, 0.5047668902260151],
  "calendar": [0.60949156312903, 0.4765027523454215, 0.7293023721662094],
  "candle": [0.4297446713053483, 0.6977056818119612, 0.32895514993983044],
  "cart": [0.13598550696794087, 0.9072534721951241, 0.515303653341833],
  "case of water bottles": [
    0.5567833696079869, 0.24521047071292656, 0.547920012226519
  ],
  "cd case": [0.033930670065239865, 0.2511229309952888, 0.9208501628567871],
  "ceiling": [0.8850507733248867, 0.5518208705610153, 0.19608600116597152],
  "ceiling light": [0.8611761697052029, 0.7843356406754963, 0.6748702687751136],
  "chair": [0.8414322094972287, 0.7632482528576853, 5.677583010055276e-5],
  "clock": [0.21538266370500492, 0.30795904150490006, 0.6712737790395713],
  "closet": [0.48155096774874373, 0.3206234415858876, 0.13783747340915398],
  "closet door": [0.31854547665706556, 0.3058935259545973, 0.4812609147643002],
  "closet rod": [0.8217228892650983, 0.7531277624262205, 0.9810295629895861],
  "closet wall": [0.6573033672157892, 0.5938315553833959, 0.8079359992960949],
  "clothes": [0.7874595488290316, 0.15531136016899327, 0.09494628218302614],
  "clothes dryer": [0.9819888501805943, 0.5860752523077601, 0.8604500376347689],
  "coat rack": [0.24560363788144524, 0.3294525970137694, 0.045416720529624977],
  "coffee kettle": [
    0.15420566177559447, 0.7568493135453437, 0.9290610881358582
  ],
  "coffee maker": [0.3395373380366088, 0.0967883863894613, 0.9812155782573322],
  "coffee table": [0.555061321634766, 0.09101543198185313, 0.17105613467398972],
  "column": [0.17411939591101444, 0.8763763718654424, 0.1846707853153552],
  "computer tower": [
    0.1818592123484546, 0.8885217487381536, 0.3963439435558396
  ],
  "container": [0.059972024740873264, 0.19015931399779418, 0.7552484794440862],
  "copier": [0.3250094535976027, 0.8979542163337829, 0.8440111518000665],
  "couch": [0.32277195532622815, 0.30044082977071496, 0.289827983458123],
  "counter": [0.03601590012262079, 0.27336995312205636, 0.5400300993567648],
  "crate": [0.2982948017505509, 0.11657927607262031, 0.5610813554688033],
  "cup": [0.5364120752493436, 0.5480594291433363, 0.12480183042316706],
  "curtain": [0.49876431644240193, 0.19030500328821498, 0.787066981417603],
  "cushion": [0.3488888836272026, 0.275947980747719, 0.44053606341732965],
  "decoration": [0.19704013241102203, 0.1993890198813586, 0.9841323891161659],
  "desk": [0.23932625014935083, 0.7810801723515218, 0.22860535499152446],
  "dining table": [0.4461492369428198, 0.5788743593933429, 0.34793885157202264],
  "dish rack": [0.5806324830376561, 0.0293761869316862, 0.5447004029904878],
  "dishwasher": [0.7656447845323973, 0.9544682417348065, 0.9353907833351973],
  "divider": [0.19844741319504877, 0.04718490843384904, 0.9086810621417991],
  "door": [0.7138390737842947, 0.38010106220553863, 0.7865178149982068],
  "doorframe": [0.31543048383028016, 0.3486457293244919, 0.8249489962352561],
  "dresser": [0.968856141584734, 0.9489300165663004, 0.5927184544905953],
  "dumbbell": [0.17982883691518825, 0.9085533021814779, 0.12946064165222992],
  "dustpan": [0.24002114225856674, 0.3275140561947466, 0.48658968235769573],
  "end table": [0.5505942187812894, 0.21896742896222232, 0.8562088740446699],
  "fan": [0.5068372219074172, 0.3638328469205798, 0.030074374875543652],
  "file cabinet": [0.20800715286578553, 0.6602289649956299, 0.5403556559996643],
  "fire alarm": [0.10376237942244193, 0.30138716522549625, 0.31652938887359405],
  "fire extinguisher": [
    0.8959315587033129, 0.2663362082987727, 0.805878206559147
  ],
  "fireplace": [0.5835899581053736, 0.8200394493441798, 0.015329097117001811],
  "floor": [0.14549260865559543, 0.800945871269308, 0.8201166056404957],
  "folded chair": [0.9646485304183624, 0.5969558581281112, 0.5321767702374758],
  "furniture": [0.10408753167206575, 0.6037533651218188, 0.09154145148297188],
  "guitar": [0.5639958790384585, 0.36334447188102337, 0.8272871315096276],
  "guitar case": [0.10666685978645618, 0.6088394843451398, 0.9483200389003379],
  "hair dryer": [0.7165862652819751, 0.48239039007398254, 0.7037774323176222],
  "handicap bar": [0.2104301858095241, 0.8282266203003941, 0.2908569588858839],
  "hat": [0.8359807481491367, 0.5464090596008585, 0.8176955189096227],
  "headphones": [0.4239894047541113, 0.38151949158991627, 0.4077136980151962],
  "ironing board": [
    0.15800853685446903, 0.8368459443580109, 0.7285569163092913
  ],
  "jacket": [0.4619373381560997, 0.6413198162969103, 0.2884006567719134],
  "keyboard": [0.8400677216446155, 0.4336513470217235, 0.27775423691265033],
  "keyboard piano": [
    0.7737932177375706, 0.2646250341131363, 0.17734204420265987
  ],
  "kitchen cabinet": [
    0.18709484725482162, 0.6942779130938385, 0.2262829465140126
  ],
  "kitchen counter": [
    0.19788809148844155, 0.033163025032557636, 0.5489994554196757
  ],
  "ladder": [0.17971776346857493, 0.5862888892567215, 0.04107206845720679],
  "lamp": [0.17104851931723475, 0.8488507660965224, 0.04777611654911329],
  "laptop": [0.30352712504040524, 0.6912819227413658, 0.8298117226417383],
  "laundry basket": [
    0.1893521928245322, 0.6048736600537469, 0.2674651400100304
  ],
  "laundry detergent": [
    0.14940840517054188, 0.48333853030089824, 0.4447859753807575
  ],
  "laundry hamper": [
    0.031806343126700165, 0.7109209606456466, 0.18821296194242054
  ],
  "ledge": [0.8823328436829467, 0.019351229942659143, 0.7998317396323721],
  "light": [0.17956871192212498, 0.42813486387713573, 0.04416381165736216],
  "light switch": [0.6378027386629045, 0.8153485524890104, 0.47552102301503485],
  "luggage": [0.8237338480711649, 0.8582255594591721, 0.8781191269707372],