{
  "tree": [0.12086432, 0.88440172, 0.60107198],
  "rock": [0.55835764, 0.58816584, 0.02641818],
  "flower": [0.93297768, 0.14446337, 0.08998188],
  "grass": [0.29221115, 0.67503714, 0.35496667],
  "bush": [0.80371695, 0.02101348, 0.49132145],
  "river": [0.69222443, 0.74805886, 0.38040854],
  "lake": [0.44116982, 0.20786379, 0.28726199],
  "ocean": [0.00460166, 0.17551368, 0.31745778],
  "mountain": [0.21884521, 0.89966838, 0.48003978],
  "hill": [0.67233924, 0.33816167, 0.31206232],
  "cloud": [0.94314761, 0.61330638, 0.13768461],
  "sun": [0.03328575, 0.83226338, 0.70889279],
  "moon": [0.84279774, 0.23616422, 0.02685761],
  "sand": [0.21731168, 0.89196316, 0.27090873],
  "soil": [0.22918844, 0.12198083, 0.70119842],
  "puddle": [0.63870634, 0.15878411, 0.94057861],
  "stream": [0.49060677, 0.62339343, 0.21183617],
  "street light": [0.88722003, 0.64069796, 0.59379633],
  "traffic light": [0.18732635, 0.44520373, 0.39213564],
  "car": [0.70603774, 0.53639644, 0.78137976],
  "bus": [0.32398246, 0.11187474, 0.65997235],
  "truck": [0.81161742, 0.42841183, 0.76077533],
  "motorcycle": [0.21319245, 0.96160538, 0.03813728],
  "fire hydrant": [0.73177651, 0.88390494, 0.47271089],
  "sidewalk": [0.12563212, 0.65081079, 0.72911227],
  "road": [0.99839358, 0.35471714, 0.81765899],
  "crosswalk": [0.54018861, 0.6477103, 0.35166248],
  "manhole cover": [0.19806657, 0.81764379, 0.93883083],
  "building": [0.75163378, 0.93424424, 0.67280521],
  "house": [0.18037341, 0.2105156, 0.84039868],
  "fence": [0.47806503, 0.70685418, 0.12093221],
  "gate": [0.9312891, 0.16017646, 0.81439977],
  "parking meter": [0.67898319, 0.11327671, 0.13063529],
  "billboard": [0.8242333, 0.15802613, 0.94274737],
  "swing": [0.287042, 0.62777178, 0.66938634],
  "slide": [0.14723049, 0.48183181, 0.18568635],
  "seesaw": [0.9936997, 0.44317132, 0.69766624],
  "sandbox": [0.63223555, 0.91427181, 0.35827361],
  "picnic table": [0.08813083, 0.24151278, 0.31828236],
  "barbecue grill": [0.8817929, 0.38063124, 0.52243765],
  "fountain": [0.61217744, 0.16121303, 0.96395138],
  "statue": [0.39512223, 0.0841289, 0.95713437],
  "tent": [0.85233657, 0.35753896, 0.28781442],
  "cooler": [0.66986603, 0.7107127, 0.36391039],
  "patio umbrella": [0.4461536, 0.2644264, 0.04130303],
  "beach towel": [0.1415951, 0.11728131, 0.84180455],
  "surfboard": [0.5513511, 0.6074218, 0.64051052],
  "boat": [0.28919692, 0.99014364, 0.08183593],
  "kayak": [0.9258957, 0.43576722, 0.84022129],
  "canoe": [0.16450395, 0.49603277, 0.58434479],
  "bridge": [0.74133104, 0.334005, 0.91817424],
  "tunnel": [0.51897597, 0.14194098, 0.61633535],
  "power line": [0.87037583, 0.37517139, 0.09635991],
  "utility pole": [0.20787327, 0.3204918, 0.55017163],
  "antenna": [0.65578768, 0.844396, 0.98595603],
  "satellite dish": [0.24036132, 0.5132561, 0.19163273],
  "bird": [0.84232233, 0.03842329, 0.81704253],
  "squirrel": [0.50508975, 0.68748332, 0.99106518],
  "dog": [0.19010344, 0.20577969, 0.21776517],
  "cat": [0.7302476, 0.61801815, 0.19812836],
  "butterfly": [0.50249826, 0.23199341, 0.40798363],
  "lawnmower": [0.11688753, 0.51261314, 0.82583857],
  "garden hose": [0.88417978, 0.08779833, 0.1340439],
  "shovel": [0.42118335, 0.21318086, 0.94165188],
  "rake": [0.03156801, 0.72479483, 0.39959604],
  "flowerpot": [0.74021133, 0.597542, 0.77292215],
  "birdhouse": [0.38380311, 0.82664322, 0.07842603],
  "bird bath": [0.1264251, 0.20790815, 0.02703816],
  "park bench": [0.9031388, 0.87186105, 0.74233777],
  "street trash can": [0.4975762, 0.68600817, 0.48167812],
  "public mailbox": [0.11974953, 0.8643883, 0.44686665],
  "street sign": [0.8189679, 0.57960321, 0.80373873],
  "hiking backpack": [0.60910017, 0.07630248, 0.73157077],
  "mountain bike": [0.33141542, 0.55169738, 0.81734533],
  "van": [0.03058863, 0.58417937, 0.21980838],
  "scooter": [0.8656754, 0.70273752, 0.47183612],
  "skateboard": [0.5898864, 0.23927546, 0.15830869],
  "road sign": [0.25460982, 0.80231924, 0.71018512],
  "stop sign": [0.72292398, 0.09919574, 0.59084711],
  "yield sign": [0.38096184, 0.4284561, 0.85292853],
  "traffic cone": [0.0883236, 0.65691079, 0.1838612],
  "construction barrier": [0.71960105, 0.94042294, 0.38090715],
  "taxi": [0.4674753, 0.49076044, 0.87220077],
  "police car": [0.10119333, 0.22262793, 0.12788533],
  "ambulance": [0.7773872, 0.044161, 0.60445695],
  "fire truck": [0.51862719, 0.58336113, 0.94211135],
  "tractor": [0.88605727, 0.2520626, 0.10688328],
  "helicopter": [0.244307, 0.97025287, 0.58221379],
  "airplane": [0.63004318, 0.11603597, 0.32321876],
  "drone": [0.96131461, 0.23197669, 0.80164841],
  "hot air balloon": [0.40742114, 0.18567223, 0.08805973],
  "streetlight": [0.134017, 0.99346618, 0.82110515],
  "pavement": [0.80552737, 0.71306069, 0.25209798],
  "curb": [0.5560155, 0.44310118, 0.23108603],
  "gutter": [0.22108151, 0.06996611, 0.13543669],
  "storm drain": [0.7685671, 0.33081828, 0.02611732],
  "bridge pillar": [0.54637042, 0.94434199, 0.48911529],
  "highway": [0.17724391, 0.68601684, 0.61899118],
  "roundabout": [0.8603713, 0.47291154, 0.07686524],
  "toll booth": [0.6318855, 0.46330761, 0.52834045],
  "railroad tracks": [0.31505707, 0.01576046, 0.43874313],
  "train": [0.04633767, 0.576882, 0.77126159],
  "tram": [0.79676722, 0.71181816, 0.78168249],
  "subway entrance": [0.46153673, 0.4005111, 0.53671239],
  "bus stop": [0.08271714, 0.40578615, 0.06547146],
  "taxi stand": [0.73919427, 0.26425983, 0.45788939],
  "street vendor cart": [0.43477583, 0.63583569, 0.63878197],
  "newsstand": [0.05943917, 0.8407817, 0.46466961],
  "telephone booth": [0.70423602, 0.41240212, 0.1264353],
  "parking garage": [0.37032479, 0.6136186, 0.82387113],
  "driveway": [0.98561658, 0.69741235, 0.44750311],
  "garage door": [0.5513715, 0.27038165, 0.68388433],
  "porch": [0.17293527, 0.01018698, 0.20658739],
  "chimney": [0.852924, 0.9989369, 0.6621379],
  "roof": [0.51866343, 0.825319, 0.1334862],
  "exterior window": [0.2198031, 0.4280548, 0.47118318],
  "front door": [0.77002012, 0.66952873, 0.90159756],
  "balcony": [0.37542937, 0.18055644, 0.57919864],
  "patio": [0.96347586, 0.91684337, 0.11073194],
  "deck": [0.61907718, 0.47330263, 0.3804791],
  "swimming pool": [0.29742463, 0.04030615, 0.35478051],
  "hot tub": [0.07693444, 0.75841443, 0.51532452],
  "garden": [0.78160893, 0.38686617, 0.7058864],
  "vegetable patch": [0.46059293, 0.01231842, 0.90230676],
  "shed": [0.061073, 0.32386377, 0.83134989],
  "greenhouse": [0.6534947, 0.803761, 0.20318413],
  "watering can": [0.30133174, 0.49399676, 0.42594828],
  "wheelbarrow": [0.86006456, 0.13783777, 0.68612141],
  "garden gnome": [0.52848419, 0.96876483, 0.8600122],
  "plastic flamingo": [0.1818786, 0.73041933, 0.2452093],
  "weather vane": [0.77612718, 0.29134914, 0.33083161],
  "wind chime": [0.44390778, 0.81792463, 0.5059632],
  "hammock": [0.03431189, 0.46654774, 0.71391629],
  "lawn chair": [0.65215682, 0.5980838, 0.40321211],
  "beach chair": [0.32111818, 0.26417772, 0.86638525],
  "life preserver": [0.88780004, 0.8359301, 0.44111322],
  "anchor": [0.57502422, 0.46889923, 0.08834789],
  "pier": [0.21350672, 0.10806497, 0.46102646],
  "dock": [0.79588667, 0.7371029, 0.17062828],
  "lighthouse": [0.48834927, 0.30907548, 0.80164627],
  "buoy": [0.10427909, 0.05051996, 0.62734163],
  "wave": [0.7279318, 0.7811805, 0.60336932],
  "seaweed": [0.41095941, 0.45719029, 0.31215757],
  "seashell": [0.01509172, 0.3082522, 0.04169733],
  "starfish": [0.61352467, 0.0526847, 0.27971887],
  "beach umbrella": [0.29977054, 0.7329596, 0.96587189],
  "sandcastle": [0.862343, 0.546736, 0.82725807],
  "volleyball net": [0.58491509, 0.20311232, 0.54042851],
  "soccer goal": [0.23004845, 0.8527376, 0.8117112],
  "basketball hoop": [0.771266, 0.80499144, 0.40693246],
  "tennis court": [0.41801532, 0.48521192, 0.68131362],
  "baseball diamond": [0.0079144, 0.13009015, 0.70994991],
  "bleachers": [0.61250325, 0.71077651, 0.01168936],
  "stadium": [0.27137912, 0.370331, 0.41027142],